<?xml version="1.0" encoding="UTF-8"?>
<actions>
        <action>
            <actionName>CUSTOM-spring-boot-run</actionName>
            <displayName>spring-boot-run</displayName>
            <goals>
                <goal>spring-boot:run</goal>
            </goals>
        </action>
        <action>
            <actionName>CUSTOM-package</actionName>
            <displayName>package</displayName>
            <recursive>false</recursive>
            <goals>
                <goal>package</goal>
            </goals>
        </action>
        <action>
            <actionName>CUSTOM-package-sin-pruebas</actionName>
            <displayName>package-sin-pruebas</displayName>
            <goals>
                <goal>package</goal>
            </goals>
            <properties>
                <maven.test.skip>true</maven.test.skip>
            </properties>
        </action>
    </actions>
